id,url,name,code_lang,format,lang,tag_main,tag_second,stars,icon,licence,applicable,data,runs,done,source_name (=filename in git),description,libs_missing,download,last_downloaded,repo_url,copyright_author,copyright_year,tag_main_old,tag_second_old
1,https://raw.githubusercontent.com/donnemartin/data-science-ipython-notebooks/master/scikit-learn/scikit-learn-svm.ipynb,SkiKit Learn Tutorial - Support Vector Machines,python,notebook,en,,,5,notebook_img/standard_icon.jpg,Apache_20,1,0,1,2,1.ipynb,,,0,1452784671.5113466,https://github.com/donnemartin/data-science-ipython-notebooks,Donne Martin,2015,support vector machines,"classifier,kernels"
2,https://raw.githubusercontent.com/marcelcaraciolo/big-data-tutorial/master/tutorial/0-Introduction-to-Pandas.ipynb,A Beginner's Introduction to Pandas,python,notebook,en,,,1,notebook_img/standard_icon.jpg,CC_BY_SA_30,1,0,1,2,2.ipynb,,,0,1452784672.0108092,https://github.com/marcelcaraciolo/big-data-tutorial,Marcel Caraciolo,2013,,pandas
3,https://raw.githubusercontent.com/jorisvandenbossche/2015-PyDataParis/master/pandas_introduction.ipynb,Pandas Introduction,python,notebook,en,,,1,notebook_img/standard_icon.jpg,CC_BY_40,1,,,2,3.ipynb,,,0,1452784672.3552306,https://github.com/jorisvandenbossche/2015-PyDataParis,Joris Van den Bossche,2015,,"pandas, data"
4,https://notebook.thrive.to/notebooks/gernot/monty%20hall.ipynb,Monty Hall Problem,python,notebook,en,,,3,notebook_img/standard_icon.jpg,noLicenceInfo,1,0,1,0,monty hall.ipynb,,,0,,,,,monty hall,
5,http://toyplot.readthedocs.org/en/latest/tutorial.html#getting-started,Toyplot Tutorial,python,notebook,en,,,1,notebook_img/standard_icon.jpg,noLicenceInfo,1,0,1,0,toybox_tutorial.ipynb,,,0,,,,,Toyplot,
6,https://raw.githubusercontent.com/donnemartin/data-science-ipython-notebooks/master/mapreduce/mapreduce-python.ipynb,IPython Notebook(s) demonstrating Hadoop MapReduce with mrjob functionality.,python,notebook,en,,,5,notebook_img/standard_icon.jpg,Apache_20,0,,,0,6.ipynb,,,0,1452784674.6119854,https://github.com/donnemartin/data-science-ipython-notebooks,Donne Martin,2015,,mapreduce-python
7,https://raw.githubusercontent.com/donnemartin/data-science-ipython-notebooks/master/kaggle/titanic.ipynb,"Predicts survival on the Titanic. Demonstrates data cleaning, exploratory data analysis, and machine learning.",python,notebook,en,DATA SCIENCE,,3,static_assets/7.png,Apache_20,1,,,1,7.ipynb,Kaggle Machine Learning Competition: Predicting Titanic Survivors,,0,1452784674.8714821,https://github.com/donnemartin/data-science-ipython-notebooks,Donne Martin,2015,"obtain, scrub, explore, model","pandas, matplotlib, numpy, random forest"
8,https://raw.githubusercontent.com/donnemartin/data-science-ipython-notebooks/master/analyses/churn.ipynb,Predicts customer churn,python,notebook,en,,,,notebook_img/standard_icon.jpg,Apache_20,1,,,2,8.ipynb,,,0,1452784675.4437878,https://github.com/donnemartin/data-science-ipython-notebooks,Donne Martin,2015,"churn, prediction",
9,https://raw.githubusercontent.com/donnemartin/data-science-ipython-notebooks/master/scikit-learn/scikit-learn-intro.ipynb,Intro to SciKit Learn,python,notebook,en,,,3,notebook_img/standard_icon.jpg,Apache_20,1,0,1,2,9.ipynb,,,0,1452784675.7498224,https://github.com/donnemartin/data-science-ipython-notebooks,Donne Martin,2015,"scikit learn, introduction",
10,https://raw.githubusercontent.com/donnemartin/data-science-ipython-notebooks/master/scikit-learn/scikit-learn-linear-reg.ipynb,Linear regressions with SciKit Learn,python,notebook,en,,,,notebook_img/standard_icon.jpg,Apache_20,1,,,,10.ipynb,,,0,1452784676.3473835,https://github.com/donnemartin/data-science-ipython-notebooks,Donne Martin,2015,"linear regression, scikit learn",
11,https://raw.githubusercontent.com/donnemartin/data-science-ipython-notebooks/master/scikit-learn/scikit-learn-k-means.ipynb,K-means clustering with SciKit Learn,python,notebook,en,,,,notebook_img/standard_icon.jpg,Apache_20,1,,,,11.ipynb,,,0,1452784676.7476535,https://github.com/donnemartin/data-science-ipython-notebooks,Donne Martin,2015,"k-means clustering, scikit learn",
12,https://raw.githubusercontent.com/donnemartin/data-science-ipython-notebooks/master/scikit-learn/scikit-learn-pca.ipynb,Principal component analysis with SciKit Learn,python,notebook,en,,,,notebook_img/standard_icon.jpg,Apache_20,1,,,,12.ipynb,,,0,1452784677.1146052,https://github.com/donnemartin/data-science-ipython-notebooks,Donne Martin,2015,"principal component analysis, scikit learn",
13,https://raw.githubusercontent.com/donnemartin/data-science-ipython-notebooks/master/scikit-learn/scikit-learn-gmm.ipynb,Gaussian mixture models with SciKit Learn,python,notebook,en,,,,notebook_img/standard_icon.jpg,Apache_20,1,,,,13.ipynb,,,0,1452784677.6491194,https://github.com/donnemartin/data-science-ipython-notebooks,Donne Martin,2015,"gaussian mixture, scikit learn",
14,https://raw.githubusercontent.com/donnemartin/data-science-ipython-notebooks/master/scikit-learn/scikit-learn-validation.ipynb,Validation and model selection with SciKit Learn,python,notebook,en,,,,notebook_img/standard_icon.jpg,Apache_20,1,,,,14.ipynb,,,0,1452784677.9998233,https://github.com/donnemartin/data-science-ipython-notebooks,Donne Martin,2015,"validataion, model selection, scikit learn",
15,https://raw.githubusercontent.com/donnemartin/data-science-ipython-notebooks/master/scipy/effect_size.ipynb,Effect size with SciPy,python,notebook,en,,,,notebook_img/standard_icon.jpg,Apache_20,1,,,,15.ipynb,,,0,1452784678.5142105,https://github.com/donnemartin/data-science-ipython-notebooks,Donne Martin,2015,"effect size, scipy",
16,https://raw.githubusercontent.com/donnemartin/data-science-ipython-notebooks/master/scipy/sampling.ipynb,Random sampling with SciPy,python,notebook,en,,,,notebook_img/standard_icon.jpg,Apache_20,1,,,,16.ipynb,,,0,1452784678.8423128,https://github.com/donnemartin/data-science-ipython-notebooks,Donne Martin,2015,"random sampling, scipy",
17,https://raw.githubusercontent.com/donnemartin/data-science-ipython-notebooks/master/scipy/hypothesis.ipynb,Hypothesis testing with SciPy,python,notebook,en,,,,notebook_img/standard_icon.jpg,Apache_20,1,,,,17.ipynb,,,0,1452784679.3965132,https://github.com/donnemartin/data-science-ipython-notebooks,Donne Martin,2015,"hypothesis testing, scipy",
18,https://raw.githubusercontent.com/donnemartin/data-science-ipython-notebooks/master/pandas/pandas.ipynb,Demonstrating Pandas functionality,python,notebook,en,,,,notebook_img/standard_icon.jpg,Apache_20,1,,,,18.ipynb,,,0,1452784679.790947,https://github.com/donnemartin/data-science-ipython-notebooks,Donne Martin,2015,pandas,
19,https://raw.githubusercontent.com/donnemartin/data-science-ipython-notebooks/master/matplotlib/matplotlib.ipynb,matplotlib explanation,python,notebook,en,,,2,notebook_img/standard_icon.jpg,Apache_20,1,0,1,,19.ipynb,,,0,1452784680.16986,https://github.com/donnemartin/data-science-ipython-notebooks,Donne Martin,2015,matplotlib,
20,https://raw.githubusercontent.com/donnemartin/data-science-ipython-notebooks/master/matplotlib/matplotlib-applied.ipynb,matplotlib applications,python,notebook,en,,,,notebook_img/standard_icon.jpg,Apache_20,1,,,,20.ipynb,,,0,1452784680.6329207,https://github.com/donnemartin/data-science-ipython-notebooks,Donne Martin,2015,matplotlib,
21,https://raw.githubusercontent.com/donnemartin/data-science-ipython-notebooks/master/numpy/numpy.ipynb,numpy explanation,python,notebook,en,,,,notebook_img/standard_icon.jpg,Apache_20,1,,,,21.ipynb,,,0,1452784681.122308,https://github.com/donnemartin/data-science-ipython-notebooks,Donne Martin,2015,numpy,
22,self done,Programming & Computer Science Intro,python,notebook,en,,,3,notebook_img/standard_icon.jpg,BSD_3_Clause,1,0,1,,Python_Bascics.ipynb,,,0,,,,,python basics,
23,https://raw.githubusercontent.com/gumption/Python_for_Data_Science/master/Python_for_Data_Science_all.ipynb,Python for Data Science,python,notebook,en,,,4,notebook_img/standard_icon.jpg,noLicenceInfo,1,,,,23.ipynb,,,0,1452784681.4599357,https://github.com/gumption/Python_for_Data_Science,,,"programmers, python data science, introduction",
24,https://raw.githubusercontent.com/tfolkman/learningwithdata/master/Bayes_Primer.ipynb,What is a bayes theorem,python,notebook,en,,,4,notebook_img/standard_icon.jpg,noLicenceInfo,1,,,,24.ipynb,,,0,1452784681.9305625,https://github.com/tfolkman/learningwithdata,,,"bayes theorem, numpy",
25,http://jakevdp.github.io/downloads/notebooks/HipsterEffect.ipynb,The Hipster Effect: An IPython Interactive Exploration,python,notebook,en,,,4,notebook_img/standard_icon.jpg,BSD_3_Clause,1,,,,25.ipynb,,,0,1452784682.3000982,,,,modelling,Hipster conformity
26,https://raw.githubusercontent.com/jakevdp/sklearn_pydata2015/master/notebooks/02.1-Machine-Learning-Intro.ipynb,Introduction to Scikit-Learn: Machine Learning with Python,python,notebook,en,,,4,notebook_img/standard_icon.jpg,BSD_3_Clause,1,,,,26.ipynb,,,0,1452784682.6035116,https://github.com/jakevdp/sklearn_pydata2015,Jake Vanderplas,2015,"scikit learn, introduction",
27,https://raw.githubusercontent.com/jakevdp/sklearn_pydata2015/master/notebooks/02.2-Basic-Principles.ipynb,Basic-Principles,python,notebook,en,,,4,notebook_img/standard_icon.jpg,BSD_3_Clause,1,,,,27.ipynb,,,0,1452784683.4687185,https://github.com/jakevdp/sklearn_pydata2015,Jake Vanderplas,2015,"scikit learn, introduction",
28,https://raw.githubusercontent.com/jakevdp/sklearn_pydata2015/master/notebooks/03.1-Classification-SVMs.ipynb,Classification-SVMs,python,notebook,en,,,4,notebook_img/standard_icon.jpg,BSD_3_Clause,1,,,,28.ipynb,,,0,1452784684.4339786,https://github.com/jakevdp/sklearn_pydata2015,Jake Vanderplas,2015,"scikit learn, introduction",
29,https://raw.githubusercontent.com/jakevdp/sklearn_pydata2015/master/notebooks/03.2-Regression-Forests.ipynb,Regression-Forests,python,notebook,en,,,4,notebook_img/standard_icon.jpg,BSD_3_Clause,1,,,,29.ipynb,,,0,1452784684.977424,https://github.com/jakevdp/sklearn_pydata2015,Jake Vanderplas,2015,"scikit learn, introduction",
30,https://raw.githubusercontent.com/jakevdp/sklearn_pydata2015/master/notebooks/04.1-Dimensionality-PCA.ipynb,Dimensionality-PCA,python,notebook,en,,,4,notebook_img/standard_icon.jpg,BSD_3_Clause,1,,,,30.ipynb,,,0,1452784685.510319,https://github.com/jakevdp/sklearn_pydata2015,Jake Vanderplas,2015,"scikit learn, introduction",
31,https://raw.githubusercontent.com/jakevdp/sklearn_pydata2015/master/notebooks/04.2-Clustering-KMeans.ipynb,Clustering-KMeans,python,notebook,en,,,4,notebook_img/standard_icon.jpg,BSD_3_Clause,1,,,,31.ipynb,,,0,1452784686.0277355,https://github.com/jakevdp/sklearn_pydata2015,Jake Vanderplas,2015,"scikit learn, introduction",
32,https://raw.githubusercontent.com/jakevdp/sklearn_pydata2015/master/notebooks/04.3-Density-GMM.ipynb,Density-GMM,python,notebook,en,,,4,notebook_img/standard_icon.jpg,BSD_3_Clause,1,,,,32.ipynb,,,0,1452784687.997077,https://github.com/jakevdp/sklearn_pydata2015,Jake Vanderplas,2015,"scikit learn, introduction",
33,https://raw.githubusercontent.com/jakevdp/sklearn_pydata2015/master/notebooks/05-Validation.ipynb,Validation,python,notebook,en,,,4,notebook_img/standard_icon.jpg,BSD_3_Clause,1,,,,33.ipynb,,,0,1452784688.6093554,https://github.com/jakevdp/sklearn_pydata2015,Jake Vanderplas,2015,"scikit learn, introduction",
34,https://raw.githubusercontent.com/savvastj/blog/master/content/NBA_shot_charts.ipynb,NBA shot charts,python,notebook,en,,,4,notebook_img/standard_icon.jpg,no licence info - check again,1,,,,34.ipynb,,,0,1452784689.1979954,https://github.com/savvastj/blog,,,"nba, sports, shot, charts","charting, statistics"
35,self done,Exploring the Top Incomes Database with Pandas and Matplotlib,python,notebook,en,,,3,notebook_img/standard_icon.jpg,BSD_3_Clause,1,1,1,,top-incomes-share.ipynb,,,0,,,,,"matplotlib, pandas",income
36,https://raw.githubusercontent.com/OrganicIrradiation/vistvfinales/master/vistvfinales.ipynb,compare the average performance of a television series to its finale episode,python,notebook,en,,,2,notebook_img/standard_icon.jpg,MIT,,,,,36.ipynb,,,0,1452784690.8001616,https://github.com/OrganicIrradiation/vistvfinales,,,"matplotlib, imdbpy",
37,https://notebook.thrive.to/notebooks/gernot/Pandas%20advanced%20cookbook.ipynb,Pandas Advanced Cookbook,python,notebook,en,,,3,notebook_img/standard_icon.jpg,BSD_3_Clause,1,1,1,,Pandas advanced cookbook.ipynb,,,0,,,,,pandas,
38,https://raw.githubusercontent.com/pprett/pydata-gbrt-tutorial/master/gbrt-tutorial.ipynb,SciKit Learn Tutorial - Gradient Boosted Regression Trees,python,notebook,en,,,4,notebook_img/standard_icon.jpg,no licence info,,,,,38.ipynb,,,0,1452784691.3312507,https://github.com/pprett/pydata-gbrt-tutorial,,,"scikit learn, tutorial, gradient boosted regression",
39,https://raw.githubusercontent.com/agiliq/notebooks/master/sql-equivalents.ipynb,SQL alternatives in Pandas,python,notebook,en,,,,notebook_img/standard_icon.jpg,no licence info,,,,,39.ipynb,,,0,1452784691.7692606,https://github.com/agiliq/notebooks,,,,
40,https://raw.githubusercontent.com/marcelcaraciolo/big-data-tutorial/master/tutorial/1-Playing-with-Recommender-Systems.ipynb,,python,notebook,en,,,,notebook_img/standard_icon.jpg,CC_BY_SA_30,,,,,40.ipynb,,,0,1452784692.0277765,https://github.com/marcelcaraciolo/big-data-tutorial,,,,
41,https://raw.githubusercontent.com/marcelcaraciolo/big-data-tutorial/master/tutorial/2-Introduction-to-Scikit-Learn.ipynb,,python,notebook,en,,,,notebook_img/standard_icon.jpg,CC_BY_SA_30,,,,,41.ipynb,,,0,1452784692.383163,https://github.com/marcelcaraciolo/big-data-tutorial,,,,
42,https://raw.githubusercontent.com/marcelcaraciolo/big-data-tutorial/master/tutorial/3-Map-Reduce.ipynb,,python,notebook,en,,,,notebook_img/standard_icon.jpg,CC_BY_SA_30,,,,,42.ipynb,,,0,1452784692.8007727,https://github.com/marcelcaraciolo/big-data-tutorial,,,,
43,https://raw.githubusercontent.com/marcelcaraciolo/big-data-tutorial/master/tutorial/4%20-%20Building%20a%20Recommender%20System%20%5BOptional%5D.ipynb,,python,notebook,en,,,,notebook_img/standard_icon.jpg,CC_BY_SA_30,,,,,43.ipynb,,,0,1452784693.0233545,https://github.com/marcelcaraciolo/big-data-tutorial,,,,
44,https://raw.githubusercontent.com/jvns/pandas-cookbook/master/cookbook/Chapter%201%20-%20Reading%20from%20a%20CSV.ipynb,Pandas Cookbook - Chapter 1 - Reading from a CSV,python,notebook,en,,,4,notebook_img/standard_icon.jpg,CC_BY_SA_30,,,,,44.ipynb,,,0,1452784693.3207355,https://github.com/marcelcaraciolo/big-data-tutorial,,,"pandas, cookbook",
45,http://www.cookbook-r.com/Basics/Indexing_into_a_data_structure/,Indexing into a dataframe,R,notebook,en,CODING,,1,static_assets/45.png,CC_BY_SA_30,1,,,1,45.ipynb,Indexing basic data frames in r,,0,,,Winston Chang,,coding,"vector, dataframe, boolean, indexing"
46,http://www.cookbook-r.com/Basics/Getting_a_subset_of_a_data_structure/,Getting a subset of a data structure,R,notebook,en,CODING,,1,static_assets/46.png,CC_BY_SA_30,1,,,1,46.ipynb,Getting a subset of a dataframe in r,,0,,,Winston Chang,,coding,"vector, dataframe"
47,http://www.cookbook-r.com/Basics/Making_a_vector_filled_with_values/,Vectors,R,notebook,en,CODING,,1,static_assets/47.png,CC_BY_SA_30,1,,,1,47.ipynb,Basic usage of vectors,,0,,,Winston Chang,,coding,vector
48,http://www.cookbook-r.com/Basics/Information_about_variables/,Variables,R,notebook,en,CODING,,1,static_assets/48.png,CC_BY_SA_30,1,,,1,48.ipynb,Basic usage of variables,,0,,,Winston Chang,,coding,variables
49,http://www.cookbook-r.com/Basics/Working_with_NULL_NA_and_NaN/,Working with NULL  NA and NaN,R,notebook,en,CODING,,1,static_assets/49.png,CC_BY_SA_30,1,,,1,49.ipynb,Working with null na and nan,,0,,,Winston Chang,,coding,"NULL, NA, NaN"
50,http://www.cookbook-r.com/Numbers/Generating_random_numbers/,Generating random numbers,R,notebook,en,CODING,,1,static_assets/50.png,CC_BY_SA_30,1,,,1,50.ipynb,Generating random numbers,,0,,,Winston Chang,,coding,"numbers, random"
51,http://www.cookbook-r.com/Numbers/Generating_repeatable_sequences_of_random_numbers, Generating repeatable sequences of random numbers,R,notebook,en,CODING,,1,static_assets/51.png,CC_BY_SA_30,1,,,1,51.ipynb,Generating sequences of random numbers,,0,,,Winston Chang,,coding,sequences
52,http://www.cookbook-r.com/Numbers/Saving_the_state_of_the_random_number_generator,Saving the state of the random number generator,R,notebook,en,CODING,,1,static_assets/52.png,CC_BY_SA_30,1,,,1,52.ipynb,Saving the state of the random number generator,,0,,,Winston Chang,,coding,"savestate, numbers"
53,http://www.cookbook-r.com/Numbers/Rounding_numbers,Rounding numbers,R,notebook,en,CODING,,1,static_assets/53.png,CC_BY_SA_30,1,,,1,53.ipynb,Rounding numbers in r,,0,,,Winston Chang,,coding,"round, numbers"
54,http://www.cookbook-r.com/Numbers/Comparing_floating_point_numbers,Comparing floating point numbers,R,notebook,en,CODING,,1,static_assets/54.png,CC_BY_SA_30,1,,,1,54.ipynb,Comparing numbers,,0,,,Winston Chang,,coding,"numer,compare"
55,http://www.cookbook-r.com/Strings/Creating_strings_from_variables/,Creating strings from variables,R,notebook,en,CODING,,1,static_assets/55.png,CC_BY_SA_30,1,,,1,55.ipynb,Creating strings from variables,,0,,,Winston Chang,,coding,"string, search,replace,concat"
56,http://www.cookbook-r.com/Formulas/Creating_a_formula_from_a_string/,Creating a formula from a string,R,notebook,en,CODING,,1,static_assets/56.png,CC_BY_SA_30,1,,,1,56.ipynb,Creating formulas from strings,,0,,,Winston Chang,,coding,formulas
57,http://nbviewer.ipython.org/github/donnemartin/data-science-ipython-notebooks/blob/master/scikit-learn/scikit-learn-random-forest.ipynb,Random Forest with SciKit Learn,python,notebook,en,DATA SCIENCE,,3,static_assets/scikit-learn-random-forest.png,Apache_20,1,,,1,scikit-learn-random-forest.ipynb,Random forests are an example of an ensemble learner built on decision trees,,,,,,,machine learning,"pandas, matplotlib, numpy, random forest"
58,https://notebook.thrive.to/localtest/notebooks/Google_Forms_Survey.ipynb,Google Forms Survey,python,notebook,en,CODING,,1,static_assets/Google_Forms_Survey.png,BSD_3_Clause,,,,1,Google_Forms_Survey.ipynb,"Use Google Forms to make a survey, import the data and create a bar chart and a scatter plot",,,,,,,"obtain, explore","pandas, seaborn, scatter plot"
59,https://notebook.thrive.to/localtest/notebooks/Boston_house_pricing.ipynb,Boston House Pricing,python,notebook,en,,,4,notebook_img/standard_icon.jpg,noLicenceInfo,,,,0,Boston_house_pricing.ipynb,Analyse the Boston house pricing data. Visualize the data in different formats.,,,,,,,"obtain, explore","pandas, seaborn, scatter plot, correlation matrix"
60,https://notebook.thrive.to/localtest/notebooks/10_survival.ipynb#,Survival Analysis,python,notebook,en,DATA SCIENCE,,5,static_assets/10_survival.png,COPYRIGHT,,0,,1,10_survival.ipynb,The first function draws the Survival Curve (Kaplan-Meier curve),,,,,Thomas Haslwanter,2015,model,"kaplan-meier-curve, scipy, matplotlib"
61,https://notebook.thrive.to/localtest/notebooks/11_bootstrapping.ipynb,Bootstrapping,python,notebook,en,DATA SCIENCE,,3,static_assets/11_bootstrapping.png,COPYRIGHT,,,,1,11_bootstrapping.ipynb,Example of bootstrapping the confidence interval for the mean of a sample distribution,,,,,Thomas Haslwanter,2015,model,"bootstraping,scipy,matplotlib"
62,https://notebook.thrive.to/localtest/notebooks/11_correlationRegression.ipynb,Correlation Regression,python,notebook,en,DATA SCIENCE,,3,static_assets/11_correlationRegression.png,COPYRIGHT,,,,1,11_correlationRegression.ipynb,"Fit a line using the powerful ""ordinary least square"" method of pandas.",,,,,Thomas Haslwanter,2015,"scrub, model","regression,correlation,pandas,matplotlib"
63,https://notebook.thrive.to/localtest/notebooks/11_paramsRegAnalysis.ipynb,Regression Analysis,python,notebook,en,DATA SCIENCE,,4,static_assets/11_paramsRegAnalysis.png,COPYRIGHT,,,,1,11_paramsRegAnalysis.ipynb,Regression with additional Statistics Model Paramters and more,,,,,Thomas Haslwanter,2015,"obtain, model","regression,sklearn,pandas,matplotli"
64,https://notebook.thrive.to/localtest/notebooks/11_regressionModels.ipynb,Regression Models,python,notebook,en,DATA SCIENCE,,2,static_assets/11_regressionModels.png,COPYRIGHT,,,,1,11_regressionModels.ipynb,pandas and the formula framework in statsmodels in the context of linear modeling.,,,,,Thomas Haslwanter,2015,"obtain, scrub, explore, model","regression, pandas,statsmodels"
65,https://notebook.thrive.to/localtest/notebooks/11_simpleLinearModels.ipynb,Simple Linear Models,python,notebook,en,DATA SCIENCE,,3,static_assets/11_simpleLinearModels.png,COPYRIGHT,,,,1,11_simpleLinearModels.ipynb,"""polynomial_regression"" shows how to work with simple design matrices, like MATLAB's ""regress"" command.",,,,,Thomas Haslwanter,2015,model,"pandas,statsmodels,ols,anova"
66,https://notebook.thrive.to/localtest/notebooks/11_statsmodelsIntro.ipynb,Statsmodels and Pandas,python,notebook,en,DATA SCIENCE,,1,static_assets/11_statsmodelsIntro.png,COPYRIGHT,,,,1,11_statsmodelsIntro.ipynb,"Introductions into using ""statsmodels"" and ""Pandas""",,,,,Thomas Haslwanter,2015,model,"pandas,statsmodelsr,egression"
67,https://notebook.thrive.to/localtest/notebooks/12_multilinearRegression.ipynb,Multiple Regression,python,notebook,en,DATA SCIENCE,,3,static_assets/12_multilinearRegression.png,COPYRIGHT,,,,1,12_multilinearRegression.ipynb,Shows how to calculate just the best fit or all the corresponding statistical parameters,,,,,Thomas Haslwanter,2015,model,"pandas,matplotlib,egression"
68,https://notebook.thrive.to/localtest/notebooks/14_BayesianStatistics.ipynb,Bayesian Statistics,python,notebook,en,DATA SCIENCE,,5,static_assets/14_BayesianStatistics.png,COPYRIGHT,,,,1,14_BayesianStatistics.ipynb,This ipynotebook is an excerpt of the excellent 'Bayesian Methods for Hackers'.,,,,,Thomas Haslwanter,2015,"model, interpret","pymc,matplotlib,bayesian"
69,https://notebook.thrive.to/localtest/notebooks/2_gettingStarted.ipynb#,Getting Started,python,notebook,en,CODING,,1,static_assets/2_gettingStarted.png,COPYRIGHT,,,,1,2_gettingStarted.ipynb,This ipyton notebook is short demonstration of Python for scientific data analysis,,,,,Thomas Haslwanter,2015,coding,"numpy,matplotlib,pandas"
70,https://notebook.thrive.to/localtest/notebooks/2_GettingThingsDone.ipynb,Getting Things done in Python,python,notebook,en,CODING,,1,static_assets/2_GettingThingsDone.png,COPYRIGHT,,,,1,2_GettingThingsDone.ipynb,Introduction to Python matrizes and vectors,,,,,Thomas Haslwanter,2015,coding,"numpy,matplotlib,pandas"
71,https://notebook.thrive.to/localtest/notebooks/2_rpy2Intro.ipynb#,Rmagic Functions Extensionnotebook,python,notebook,en,CODING,,2,static_assets/2_rpy2Intro.png,COPYRIGHT,,,,1,2_rpy2Intro.ipynb,IPython has an rmagic extension that contains a some magic functions for working with R via rpy2,,,,,Thomas Haslwanter,2015,coding,rpy2
72,https://notebook.thrive.to/localtest/notebooks/2_rpy2QuickDemo.ipynb#,Quick Demo to rpy2notebook,python,notebook,en,CODING,,1,static_assets/2_rpy2QuickDemo.png,COPYRIGHT,,,,1,2_rpy2QuickDemo.ipynb,Some functionality of rpy2 showcased,,,,,Thomas Haslwanter,2015,coding,rpy2
73,https://notebook.thrive.to/localtest/notebooks/3d_plotting_withplotly.ipynb,Interactive 3D Plotting,python,notebook,en,VISUALIZE,,1,static_assets/3d_plotting_withplotly.png,noLicenceInfo,,0,,1,3d_plotting_withplotly.ipynb,Interactive 3D Plotting with Plotly example,,,,,,,interpret,"plotly, 3dvisual"
74,https://notebook.thrive.to/localtest/notebooks/4_dataDisplay.ipynb#,Data Display,python,notebook,en,VISUALIZE,,1,static_assets/4_dataDisplay.png,COPYRIGHT,,,,1,4_dataDisplay.ipynb,Show different ways to present statistical data.,,,,,Thomas Haslwanter,2015,explore,"seaborn, visual"
75,https://notebook.thrive.to/localtest/notebooks/6_distContinuous.ipynb,Continuous Distribution Functions,python,notebook,en,DATA SCIENCE,,2,static_assets/6_distContinuous.png,COPYRIGHT,,,,1,6_distContinuous.ipynb,Normal distribution - Exponential distribution - T-distribution ...,,,,,Thomas Haslwanter,2015,"explore, model, statistics","distributions,matplotlib,scipy,visual"
76,https://notebook.thrive.to/localtest/notebooks/6_distDiscrete.ipynb#,Discrete Distribution Functions,python,notebook,en,DATA SCIENCE,,2,static_assets/6_distDiscrete.png,COPYRIGHT,,,,1,6_distDiscrete.ipynb,Binomial distribution Poisson distribution (PMF CDF  and PPF),,,,,Thomas Haslwanter,2015,"explore, model, statistics","distributions,matplotlib,scip, visual"
77,https://notebook.thrive.to/localtest/notebooks/6_distNormal.ipynb,Normal Distribution,python,notebook,en,DATA SCIENCE,,3,static_assets/6_distNormal.png,COPYRIGHT,,,,1,6_distNormal.ipynb,Different displays of normally distributed data - Compare different samples from a normal distribution,,,,,Thomas Haslwanter,2015,"explore, model, statistics","distributions, matplotlib,scipy, visual"
78,https://notebook.thrive.to/localtest/notebooks/Python_Basics.ipynb,Python Basic,python,notebook,en,CODING,,1,static_assets/Python_Basics.png,noLicenceInfo,,,,1,Python_Basics.ipynb,Here are the basics (like very basic basics .. ground floor of the elevator). ,,,,,,,coding,"data types,variables,loops"
79,https://notebook.thrive.to/localtest/notebooks/8_anovaOneway.ipynb#,One-way ANOVA,python,notebook,en,DATA SCIENCE,,3,static_assets/8_anovaOneway.png,COPYRIGHT,,,,1,8_anovaOneway.ipynb,"For the one-way ANOVA you can use the function in ""scipy.stats"".",,,,,Thomas Haslwanter,2015,"model, interpret, statistics","statsmodelsa,nova"
80,https://notebook.thrive.to/localtest/notebooks/8_anovaTwoway.ipynb#Two-way-ANOVA,Two-way-ANOVA,python,notebook,en,DATA SCIENCE,,3,static_assets/8_anovaTwoway.png,COPYRIGHT,,,,1,8_anovaTwoway.ipynb,ANOVA with interaction,,,,,Thomas Haslwanter,2015,"model, interpret, statistics","statsmodelsa,nova"
81,https://notebook.thrive.to/localtest/notebooks/8_testsOneSample.ipynb#,Analysis of one sample of data,python,notebook,en,DATA SCIENCE,,2,static_assets/8_testsOneSample.png,COPYRIGHT,,,,1,8_testsOneSample.ipynb,t-test non-parametric test ,,,,,Thomas Haslwanter,2015,model,"scipy,mean,distributions"
82,https://notebook.thrive.to/localtest/notebooks/Probability.ipynb,Probability theory,python,notebook,en,DATA SCIENCE,,3,static_assets/Probability.png,noLicenceInfo,,,,1,Probability.ipynb,The basics of probability theory,,,,,,,statistics,"monty hall,sleeping beauty"
83,https://notebook.thrive.to/localtest/notebooks/8_testsTwoSample.ipynb,Comparison of two groups,python,notebook,en,DATA SCIENCE,,2,static_assets/8_testsTwoSample.png,COPYRIGHT,,,,1,8_testsTwoSample.ipynb,Analysis of paired and unpaired data,,,,,Thomas Haslwanter,2015,statistics,scipy
84,https://notebook.thrive.to/localtest/notebooks/Plotly.ipynb#,Plotly,python,notebook,en,,,1,notebook_img/standard_icon.jpg,noLicenceInfo,,,,0,Plotly.ipynb,Show data on USA map,,,,,,,plotly,2dPlotting
85,https://notebook.thrive.to/localtest/notebooks/9_testsCategorical.ipynb,Analysis of categorical data,python,notebook,en,DATA SCIENCE,,4,static_assets/9_testsCategorical.png,COPYRIGHT,,,,1,9_testsCategorical.ipynb,Chi-square test - Fisher exact test - McNemar test,,,,,Thomas Haslwanter,2015,"statistics, model","chisquare,mcnemar,scipy"
86,https://notebook.thrive.to/localtest/notebooks/Plotly_Life_Expectency_per_capita.ipynb,Life Expectency,python,notebook,en,,,2,notebook_img/standard_icon.jpg,noLicenceInfo,,,,0,Plotly_Life_Expectency_per_capita.ipynb,Live Expectency versus Per Capita,,,,,,,plotly,scatter plot
87,http://rayli.net/blog/data/top-10-data-mining-algorithms-in-plain-english/,Top 10 data mining algorithms in plain English,python,website,en,,,basic,notebook_img/standard_icon.jpg,noLicenceInfo,0,,,,,,,,,,,,data mining,algorithms
88,http://mortada.net/the-traveling-tesla-salesman.html,The traveling tesla salesman,python,website,en,,,,notebook_img/standard_icon.jpg,noLicenceInfo,1,,,,,,,,,,,,traveling salesman problem,"math, numpy, pandas, matplotlib, beautifulsoup"
89,https://github.com/excp/scan_gamemasters,Find Blizzard employee's characters in World of Warcraft using Battle.net API,python,website,en,,,,notebook_img/standard_icon.jpg,noLicenceInfo,1,,,,,,,,,,,,"Word of WarCraft, gamemaster",
90,https://github.com/asonawalla/FBEraser/blob/master/FBEraser.py,Erase your Facebook posts,python,website,en,,,,notebook_img/standard_icon.jpg,noLicenceInfo,0,,,,,,,,,,,,"facebook, webscrape",
91,https://github.com/donnemartin/interactive-coding-challenges,"Interactive, test-driven coding challenges",python,website,en,,,,notebook_img/standard_icon.jpg,Apache_20,0,,,,,,,,,,,,"algorithms, data structures, coding challenges",
92,http://zulko.github.io/blog/2014/01/23/making-animated-gifs-from-video-files-with-python/,Creating GIFs from YouTube videos,python,website,en,,,,notebook_img/standard_icon.jpg,noLicenceInfo,1,,,,,,,,,,,,"youtube, gif creation",
93,http://www.cookbook-r.com/Formulas/Extracting_components_from_a_formula/,Extracting components from a formula,R,website,en,DATA SCIENCE,,1,static_assets/93.png,CC_BY_SA_30,,,1,1,93.ipynb,Extracting components from a formula,,0,,,Winston Chang,,Formulas,"extract, components"
94,http://www.cookbook-r.com/Data_input_and_output/Loading_data_from_a_file,Loading data from a file,R,website,en,CLEAN DATA,,1,static_assets/94.png,CC_BY_SA_30,,,1,1,94.ipynb,Loading data from a file,,0,,,Winston Chang,,Data I/O,read file
95,http://www.cookbook-r.com/Data_input_and_output/Loading_and_storing_data_with_the_keyboard_and_clipboard,Loading and storing data with the keyboard and clipboard,R,website,en,,,1,static_assets/95.png,CC_BY_SA_30,,,,0,,Loading and storing data with the keyboard and clipboard,,0,,,Winston Chang,,Data I/O,"keyboard, clipboard"
96,http://www.cookbook-r.com/Data_input_and_output/Running_a_script,Running a script,R,website,en,,,1,static_assets/96.png,CC_BY_SA_30,,,,0,,Running a script,,0,,,Winston Chang,,Data I/O,scripts
97,http://www.cookbook-r.com/Data_input_and_output/Writing_data_to_a_file,Writing data to a file,R,website,en,,,1,static_assets/97.png,CC_BY_SA_30,,,,0,,Writing data to a file,,0,,,Winston Chang,,Data I/O,"write file, data"
98,http://www.cookbook-r.com/Data_input_and_output/Writing_text_and_output_from_analyses_to_a_file,Writing text and output from analyses to a file,R,website,en,,,1,static_assets/98.png,CC_BY_SA_30,,,,0,,Writing text and output from analyses to a file,,0,,,Winston Chang,,Data I/O,"write file, text, output"
99,http://www.cookbook-r.com/Manipulating_data/Sorting,Sorting,R,website,en,CLEAN DATA,,1,static_assets/99.png,CC_BY_SA_30,,,1,1,99.ipynb,Sorting,,0,,,Winston Chang,,Data Manipulation,Sorting
100,http://www.cookbook-r.com/Manipulating_data/Randomizing_order,Randomizing order,R,website,en,CLEAN DATA,,1,static_assets/100.png,CC_BY_SA_30,,,1,1,100.ipynb,Randomizing order,,0,,,Winston Chang,,Data Manipulation,Randomizing order
101,http://www.cookbook-r.com/Manipulating_data/Converting_between_vector_types,Converting between vector types,R,website,en,CLEAN DATA,,1,static_assets/101.png,CC_BY_SA_30,,,1,1,101.ipynb,Converting between vector types,,0,,,Winston Chang,,Data Manipulation,"Converting, vector types"
102,http://www.cookbook-r.com/Manipulating_data/Finding_and_removing_duplicate_records,Finding and removing duplicate records,R,website,en,CLEAN DATA,,1,static_assets/102.png,CC_BY_SA_30,,,1,1,102.ipynb,Finding and removing duplicate records,,0,,,Winston Chang,,Data Manipulation,Duplicates
103,http://www.cookbook-r.com/Manipulating_data/Comparing_vectors_or_factors_with_NA,Comparing vectors or factors with NA,R,website,en,CLEAN DATA,,1,static_assets/103.png,CC_BY_SA_30,,,1,1,103.ipynb,Comparing vectors or factors with NA,,0,,,Winston Chang,,Data Manipulation,"Comparing, Vector, Factor, NA"
104,http://www.cookbook-r.com/Manipulating_data/Recoding_data,Recoding data,R,website,en,CLEAN DATA,,1,static_assets/104.png,CC_BY_SA_30,,,1,1,104.ipynb,Recoding data,,0,,,Winston Chang,,Data Manipulation,Recoding
105,http://www.cookbook-r.com/Manipulating_data/Mapping_vector_values,Mapping vector values,R,website,en,CLEAN DATA,,1,static_assets/105.png,CC_BY_SA_30,,,1,1,105.ipynb,Mapping vector values,,0,,,Winston Chang,,Data Manipulation,"Mapping, Vector"
106,http://www.cookbook-r.com/Manipulating_data/Renaming_levels_of_a_factor,Renaming levels of a factor,R,website,en,CLEAN DATA,,1,static_assets/106.png,CC_BY_SA_30,,,1,1,106.ipynb,Renaming levels of a factor,,0,,,Winston Chang,,Data Manipulation,"Factor, Renaming"
107,http://www.cookbook-r.com/Manipulating_data/Re-computing_the_levels_of_factor,Re-computing the levels of factor,R,website,en,CLEAN DATA,,1,static_assets/107.png,CC_BY_SA_30,,,1,1,107.ipynb,Re-computing the levels of factor,,0,,,Winston Chang,,Data Manipulation,"Factor, Re-Computing"
108,http://www.cookbook-r.com/Manipulating_data/Changing_the_order_of_levels_of_a_factor,Changing the order of levels of a factor,R,website,en,CLEAN DATA,,1,static_assets/108.png,CC_BY_SA_30,,,1,1,108.ipynb,Changing the order of levels of a factor,,0,,,Winston Chang,,Data Manipulation,"Factor, Order"
109,http://www.cookbook-r.com/Manipulating_data/Renaming_columns_in_a_data_frame,Renaming columns in a data frame,R,website,en,CLEAN DATA,,1,static_assets/109.png,CC_BY_SA_30,,,1,1,109.ipynb,Renaming columns in a data frame,,0,,,Winston Chang,,Data Manipulation,"Data Frame, Rename, Columns"
110,http://www.cookbook-r.com/Manipulating_data/Adding_and_removing_columns_from_a_data_frame,Adding and removing columns from a data frame,R,website,en,CLEAN DATA,,1,static_assets/110.png,CC_BY_SA_30,,,1,1,110.ipynb,Adding and removing columns from a data frame,,0,,,Winston Chang,,Data Manipulation,"Data Frame, Adding, Removing, Columns"
111,http://www.cookbook-r.com/Manipulating_data/Reordering_the_columns_in_a_data_frame,Reordering the columns in a data frame,R,website,en,CLEAN DATA,,1,static_assets/111.png,CC_BY_SA_30,,,1,1,111.ipynb,Reordering the columns in a data frame,,0,,,Winston Chang,,Data Manipulation,"Data Frame, Order, Columns"
112,http://www.cookbook-r.com/Manipulating_data/Merging_data_frames,Merging data frames,R,website,en,CLEAN DATA,,1,static_assets/112.png,CC_BY_SA_30,,,1,1,112.ipynb,Merging data frames,,0,,,Winston Chang,,Data Manipulation,"Data Frame, Merge"
113,http://www.cookbook-r.com/Manipulating_data/Comparing_data_frames,Comparing data frames,R,website,en,CLEAN DATA,,1,static_assets/113.png,CC_BY_SA_30,,,1,1,113.ipynb,Comparing data frames,,0,,,Winston Chang,,Data Manipulation,"Data Frame, Compare"
114,http://www.cookbook-r.com/Manipulating_data/Re-computing_the_levels_of_all_factor_columns_in_a_data_frame,Re-computing the levels of all factor columns in a data frame,R,website,en,CLEAN DATA,,1,static_assets/114.png,CC_BY_SA_30,,,1,1,114.ipynb,Re-computing the levels of all factor columns in a data frame,,0,,,Winston Chang,,Data Manipulation,"Data Frame, Re-Computing, Columns"
115,http://www.cookbook-r.com/Manipulating_data/Converting_data_between_wide_and_long_format,Converting data between wide and long format,R,website,en,CLEAN DATA,,1,static_assets/115.png,CC_BY_SA_30,,,1,1,115.ipynb,Converting data between wide and long format,"tidyr,reshape2",0,,,Winston Chang,,Data Manipulation,"Restructuring, Converting, Wide, Long"
116,http://www.cookbook-r.com/Manipulating_data/Summarizing_data,Summarizing data,R,website,en,CLEAN DATA,,1,static_assets/116.png,CC_BY_SA_30,,,1,1,116.ipynb,Summarizing data,"plyr,doBy",0,,,Winston Chang,,Data Manipulation,"Restructuring, Summarizing"
117,http://www.cookbook-r.com/Manipulating_data/Converting_between_data_frames_and_contingency_tables,Converting between data frames and contingency tables,R,website,en,CLEAN DATA,,1,static_assets/117.png,CC_BY_SA_30,,,1,1,117.ipynb,Converting between data frames and contingency tables,,0,,,Winston Chang,,Data Manipulation,"Restructuring, Converting, Data Frame, Contingency Table"
118,http://www.cookbook-r.com/Manipulating_data/Calculating_a_moving_average,Calculating a moving average,R,website,en,CLEAN DATA,,1,static_assets/118.png,CC_BY_SA_30,,,1,1,118.ipynb,Calculating a moving average,,0,,,Winston Chang,,Data Manipulation,"Sequential data, moving average"
119,http://www.cookbook-r.com/Manipulating_data/Averaging_a_sequence_in_blocks,Averaging a sequence in blocks,R,website,en,CLEAN DATA,,1,static_assets/119.png,CC_BY_SA_30,,,1,1,119.ipynb,Averaging a sequence in blocks,,0,,,Winston Chang,,Data Manipulation,"Sequential data, averaging"
120,http://www.cookbook-r.com/Manipulating_data/Finding_sequences_of_identical_values,Finding sequences of identical values,R,website,en,CLEAN DATA,,1,static_assets/120.png,CC_BY_SA_30,,,1,1,120.ipynb,Finding sequences of identical values,,0,,,Winston Chang,,Data Manipulation,"Sequential data, find, sequences, identical values"
121,http://www.cookbook-r.com/Manipulating_data/Filling_in_NAs_with_last_non-NA_value,Filling in NAs with last non-NA value,R,website,en,CLEAN DATA,,1,static_assets/121.png,CC_BY_SA_30,,,1,1,121.ipynb,Filling in NAs with last non-NA value,,0,,,Winston Chang,,Data Manipulation,"Sequential data, Filling, NA, non-NA"
122,http://www.cookbook-r.com/Statistical_analysis/Regression_and_correlation,Regression and correlation,R,website,en,DATA SCIENCE,,1,static_assets/122.png,CC_BY_SA_30,,,1,1,122.ipynb,Regression and correlation,,0,,,Winston Chang,,Statistics,"Regression, Correlation"
123,http://www.cookbook-r.com/Statistical_analysis/t-test,t-test,R,website,en,DATA SCIENCE,,1,static_assets/123.png,CC_BY_SA_30,,,1,1,123.ipynb,t-test,,0,,,Winston Chang,,Statistics,T-Test
124,http://www.cookbook-r.com/Statistical_analysis/Frequency_tests,Frequency tests,R,website,en,DATA SCIENCE,,1,static_assets/124.png,CC_BY_SA_30,,,1,1,124.ipynb,Frequency tests,exact2x2,0,,,Winston Chang,,Statistics,"Frequency test, Chi-square, Fisher's exact, exact Binomial, McNemar's test"
125,http://www.cookbook-r.com/Statistical_analysis/ANOVA,ANOVA,R,website,en,DATA SCIENCE,,1,static_assets/125.png,CC_BY_SA_30,,,1,1,125.ipynb,ANOVA,tidyr,0,,,Winston Chang,,Statistics,ANOVA
126,http://www.cookbook-r.com/Statistical_analysis/Logistic_regression,Logistic regression,R,website,en,DATA SCIENCE,,1,static_assets/126.png,CC_BY_SA_30,,,1,1,126.ipynb,Logistic regression,ggplot2 ,0,,,Winston Chang,,Statistics,Logistic regression
127,http://www.cookbook-r.com/Statistical_analysis/Homogeneity_of_variance,Homogeneity of variance,R,website,en,DATA SCIENCE,,1,static_assets/127.png,CC_BY_SA_30,,,1,1,127.ipynb,Homogeneity of variance,,0,,,Winston Chang,,Statistics,"Homogeneity of variance, Levene's, Bartlett's, Fligner-Killeen test"
128,http://www.cookbook-r.com/Statistical_analysis/Inter-rater_reliability,Inter-rater reliability,R,website,en,DATA SCIENCE,,1,static_assets/128.png,CC_BY_SA_30,,,1,1,128.ipynb,Inter-rater reliability,irr,0,,,Winston Chang,,Statistics,"Inter-rater reliability, Cohen’s Kappa, weighted Kappa, Fleiss’s Kappa, Conger’s Kappa, intraclass correlation coefficient"
129,http://www.cookbook-r.com/Graphs/Bar_and_line_graphs_(ggplot2),Bar and line graphs (ggplot2),R,website,en,VISUALIZE,,1,static_assets/129.png,CC_BY_SA_30,,,1,1,129.ipynb,Bar and line graphs (ggplot2),ggplot2 ,0,,,Winston Chang,,Graphs,"ggplot2, Bar, Line"
130,http://www.cookbook-r.com/Graphs/Plotting_means_and_error_bars_(ggplot2),Plotting means and error bars (ggplot2),R,website,en,VISUALIZE,,1,static_assets/130.png,CC_BY_SA_30,,,1,1,130.ipynb,Plotting means and error bars (ggplot2),ggplot2 ,0,,,Winston Chang,,Graphs,"ggplot2, Plott, mean, error"
131,http://www.cookbook-r.com/Graphs/Plotting_distributions_(ggplot2),Plotting distributions (ggplot2),R,website,en,VISUALIZE,,1,static_assets/131.png,CC_BY_SA_30,,,1,1,131.ipynb,Plotting distributions (ggplot2),"ggplot2 ,plyr",0,,,Winston Chang,,Graphs,"ggplot2, distributions, Histograms, density curves, boxplots"
132,http://www.cookbook-r.com/Graphs/Scatterplots_(ggplot2),Scatterplots (ggplot2),R,website,en,VISUALIZE,,1,static_assets/132.png,CC_BY_SA_30,,,1,1,132.ipynb,Scatterplots (ggplot2),ggplot2,0,,,Winston Chang,,Graphs,"ggplot2, scatterplots"
133,http://www.cookbook-r.com/Graphs/Titles_(ggplot2),Titles (ggplot2),R,website,en,VISUALIZE,,1,static_assets/133.png,CC_BY_SA_30,,,1,1,133.ipynb,Titles (ggplot2),,0,,,Winston Chang,,Graphs,"ggplot2, titles"
134,http://www.cookbook-r.com/Graphs/Axes_(ggplot2),Axes (ggplot2),R,website,en,VISUALIZE,,1,static_assets/134.png,CC_BY_SA_30,,,1,1,134.ipynb,Axes (ggplot2),ggplot2,0,,,Winston Chang,,Graphs,"ggplot2, axes, text, labels, grid lines"
135,http://www.cookbook-r.com/Graphs/Legends_(ggplot2),Legends (ggplot2),R,website,en,VISUALIZE,,1,static_assets/135.png,CC_BY_SA_30,,,1,1,135.ipynb,Legends (ggplot2),ggplot2,0,,,Winston Chang,,Graphs,"ggplot2, legends"
136,http://www.cookbook-r.com/Graphs/Lines_(ggplot2),Lines (ggplot2),R,website,en,VISUALIZE,,1,static_assets/136.png,CC_BY_SA_30,,,1,1,136.ipynb,Lines (ggplot2),ggplot2,0,,,Winston Chang,,Graphs,"ggplot2, lines"
137,http://www.cookbook-r.com/Graphs/Facets_(ggplot2),Facets (ggplot2),R,website,en,VISUALIZE,,1,static_assets/137.png,CC_BY_SA_30,,,1,1,137.ipynb,Facets (ggplot2),"ggplot2,reshape2",0,,,Winston Chang,,Graphs,"ggplot2, facets"
138,http://www.cookbook-r.com/Graphs/Multiple_graphs_on_one_page_(ggplot2),Multiple graphs on one page (ggplot2),R,website,en,VISUALIZE,,1,static_assets/138.png,CC_BY_SA_30,,,1,1,138.ipynb,Multiple graphs on one page (ggplot2),ggplot2,0,,,Winston Chang,,Graphs,"ggplo2, multiple graphs"
139,http://www.cookbook-r.com/Graphs/Colors_(ggplot2),Colors (ggplot2),R,website,en,VISUALIZE,,1,static_assets/139.png,CC_BY_SA_30,,,1,1,139.ipynb,Colors (ggplot2),ggplot2,0,,,Winston Chang,,Graphs,"ggplot2, colors"
140,http://www.cookbook-r.com/Graphs/Output_to_a_file,Output to a file,R,website,en,,,1,static_assets/140.png,CC_BY_SA_30,,,,0,,Output to a file,,0,,,Winston Chang,,Graphs,"output, file, PDF, PNG, TIFF, SVG"
141,http://www.cookbook-r.com/Graphs/Shapes_and_line_types,Shapes and line types,R,website,en,VISUALIZE,,1,static_assets/141.png,CC_BY_SA_30,,,1,1,141.ipynb,Shapes and line types,ggplot2,0,,,Winston Chang,,Graphs,"shape types, line types"
142,http://www.cookbook-r.com/Graphs/Fonts,Fonts,R,website,en,,,1,static_assets/142.png,CC_BY_SA_30,,,,0,,Fonts,,0,,,Winston Chang,,Graphs,Fonts
143,http://www.cookbook-r.com/Graphs/Histogram_and_density_plot,Histogram and density plot,R,website,en,VISUALIZE,,1,static_assets/143.png,CC_BY_SA_30,,,1,1,143.ipynb,Histogram and density plot,sm,0,,,Winston Chang,,Graphs,"Histogram, density plot"
144,http://www.cookbook-r.com/Graphs/Scatterplot,Scatterplot,R,website,en,VISUALIZE,,1,static_assets/144.png,CC_BY_SA_30,,,1,1,144.ipynb,Scatterplot,,0,,,Winston Chang,,Graphs,Scatterplot
145,http://www.cookbook-r.com/Graphs/Box_plot,Box plot,R,website,en,VISUALIZE,,1,static_assets/145.png,CC_BY_SA_30,,,1,1,145.ipynb,Box plot,,0,,,Winston Chang,,Graphs,Box plot
146,http://www.cookbook-r.com/Graphs/Q-Q_plot,Q-Q plot,R,website,en,VISUALIZE,,1,static_assets/146.png,CC_BY_SA_30,,,1,1,146.ipynb,Q-Q plot,,0,,,Winston Chang,,Graphs,Q-Q plot
147,http://www.cookbook-r.com/Graphs/Correlation_matrix,Correlation matrix,R,website,en,VISUALIZE,,1,static_assets/147.png,CC_BY_SA_30,,,1,1,147.ipynb,Correlation matrix,ellipse,0,,,Winston Chang,,Graphs,Correlation matrix
148,http://www.cookbook-r.com/Scripts_and_functions/Debugging_a_script_or_function,Debugging a script or function,R,website,en,,,1,static_assets/148.png,CC_BY_SA_30,,,,0,,Debugging a script or function,,0,,,Winston Chang,,Scripts and Functions,debug
149,http://www.cookbook-r.com/Scripts_and_functions/Measuring_elapsed_time,Measuring elapsed time,R,website,en,,,1,static_assets/149.png,CC_BY_SA_30,,,,0,,Measuring elapsed time,,0,,,Winston Chang,,Scripts and Functions,measure time
150,http://www.cookbook-r.com/Scripts_and_functions/Getting_a_list_of_functions_and_objects_in_a_package,Getting a list of functions and objects in a package,R,website,en,,,1,static_assets/150.png,CC_BY_SA_30,,,,0,,Getting a list of functions and objects in a package,,0,,,Winston Chang,,Scripts and Functions,Packages
151,http://www.cyclismo.org/tutorial/R/input.html#assignment,R Tutorial,R,website,en,,,,notebook_img/standard_icon.jpg,CC_BY_SA_40,,,,,,,,,,,,,Data I/O,
152,http://www.cyclismo.org/tutorial/R/input.html#reading-a-csv-file,R Tutorial,R,website,en,,,,notebook_img/standard_icon.jpg,CC_BY_NC_40,,,,,,,,,,,,,,
153,http://www.cyclismo.org/tutorial/R/input.html#brief-note-on-fixed-width-files,R Tutorial,R,website,en,,,,notebook_img/standard_icon.jpg,CC_BY_NC_40,,,,,,,,,,,,,,
154,http://www.cyclismo.org/tutorial/R/types.html#variable-types,R Tutorial,R,website,en,,,,notebook_img/standard_icon.jpg,CC_BY_NC_40,,,,,,,,,,,,,,
155,http://www.cyclismo.org/tutorial/R/types.html#tables,R Tutorial,R,website,en,,,,notebook_img/standard_icon.jpg,CC_BY_NC_40,,,,,,,,,,,,,,
156,http://www.cyclismo.org/tutorial/R/basicOps.html#basic-operations,R Tutorial,R,website,en,,,,notebook_img/standard_icon.jpg,CC_BY_NC_40,,,,,,,,,,,,,,
157,http://www.cyclismo.org/tutorial/R/basicOps.html#basic-numerical-descriptions,R Tutorial,R,website,en,,,,notebook_img/standard_icon.jpg,CC_BY_NC_40,,,,,,,,,,,,,,
158,http://www.cyclismo.org/tutorial/R/basicOps.html#operations-on-vectors,R Tutorial,R,website,en,,,,notebook_img/standard_icon.jpg,CC_BY_NC_40,,,,,,,,,,,,,,
159,http://www.cyclismo.org/tutorial/R/probability.html#the-normal-distribution,R Tutorial,R,website,en,,,,notebook_img/standard_icon.jpg,CC_BY_NC_40,,,,,,,,,,,,,,
160,http://www.cyclismo.org/tutorial/R/probability.html#the-t-distribution,R Tutorial,R,website,en,,,,notebook_img/standard_icon.jpg,CC_BY_NC_40,,,,,,,,,,,,,,
161,http://www.cyclismo.org/tutorial/R/probability.html#the-binomial-distribution,R Tutorial,R,website,en,,,,notebook_img/standard_icon.jpg,CC_BY_NC_40,,,,,,,,,,,,,,
162,http://www.cyclismo.org/tutorial/R/probability.html#the-chi-squared-distribution,R Tutorial,R,website,en,,,,notebook_img/standard_icon.jpg,CC_BY_NC_40,,,,,,,,,,,,,,
163,http://www.cyclismo.org/tutorial/R/plotting.html#strip-charts,R Tutorial,R,website,en,,,,notebook_img/standard_icon.jpg,CC_BY_NC_40,,,,,,,,,,,,,,
164,http://www.cyclismo.org/tutorial/R/plotting.html#histograms,R Tutorial,R,website,en,,,,notebook_img/standard_icon.jpg,CC_BY_NC_40,,,,,,,,,,,,,,
165,http://www.cyclismo.org/tutorial/R/plotting.html#boxplots,R Tutorial,R,website,en,,,,notebook_img/standard_icon.jpg,CC_BY_NC_40,,,,,,,,,,,,,,
166,http://www.cyclismo.org/tutorial/R/plotting.html#scatter-plots,R Tutorial,R,website,en,,,,notebook_img/standard_icon.jpg,CC_BY_NC_40,,,,,,,,,,,,,,
167,http://www.cyclismo.org/tutorial/R/plotting.html#normal-qq-plots,R Tutorial,R,website,en,,,,notebook_img/standard_icon.jpg,CC_BY_NC_40,,,,,,,,,,,,,,
168,http://www.cyclismo.org/tutorial/R/intermediatePlotting.html#continuous-data,R Tutorial,R,website,en,,,,notebook_img/standard_icon.jpg,CC_BY_NC_40,,,,,,,,,,,,,,
169,http://www.cyclismo.org/tutorial/R/intermediatePlotting.html#discrete-data,R Tutorial,R,website,en,,,,notebook_img/standard_icon.jpg,CC_BY_NC_40,,,,,,,,,,,,,,
170,http://www.cyclismo.org/tutorial/R/intermediatePlotting.html#miscellaneous-options,R Tutorial,R,website,en,,,,notebook_img/standard_icon.jpg,CC_BY_NC_40,,,,,,,,,,,,,,
171,http://www.cyclismo.org/tutorial/R/vectorIndexing.html#indexing-with-logicals,R Tutorial,R,website,en,,,,notebook_img/standard_icon.jpg,CC_BY_NC_40,,,,,,,,,,,,,,
172,http://www.cyclismo.org/tutorial/R/vectorIndexing.html#not-available-or-missing-values,R Tutorial,R,website,en,,,,notebook_img/standard_icon.jpg,CC_BY_NC_40,,,,,,,,,,,,,,
173,http://www.cyclismo.org/tutorial/R/vectorIndexing.html#indices-with-logical-expression,R Tutorial,R,website,en,,,,notebook_img/standard_icon.jpg,CC_BY_NC_40,,,,,,,,,,,,,,
174,http://www.cyclismo.org/tutorial/R/linearLeastSquares.html,R Tutorial,R,website,en,,,,notebook_img/standard_icon.jpg,CC_BY_NC_40,,,,,,,,,,,,,,
175,http://www.cyclismo.org/tutorial/R/confidence.html#calculating-a-confidence-interval-from-a-normal-distribution,R Tutorial,R,website,en,,,,notebook_img/standard_icon.jpg,CC_BY_NC_40,,,,,,,,,,,,,,
176,http://www.cyclismo.org/tutorial/R/confidence.html#calculating-a-confidence-interval-from-a-t-distribution,R Tutorial,R,website,en,,,,notebook_img/standard_icon.jpg,CC_BY_NC_40,,,,,,,,,,,,,,
177,http://www.cyclismo.org/tutorial/R/confidence.html#calculating-many-confidence-intervals-from-a-t-distribution,R Tutorial,R,website,en,,,,notebook_img/standard_icon.jpg,CC_BY_NC_40,,,,,,,,,,,,,,
178,http://www.cyclismo.org/tutorial/R/pValues.html#calculating-a-single-p-value-from-a-normal-distribution,R Tutorial,R,website,en,,,,notebook_img/standard_icon.jpg,CC_BY_NC_40,,,,,,,,,,,,,,
179,http://www.cyclismo.org/tutorial/R/pValues.html#calculating-a-single-p-value-from-a-t-distribution,R Tutorial,R,website,en,,,,notebook_img/standard_icon.jpg,CC_BY_NC_40,,,,,,,,,,,,,,
180,http://www.cyclismo.org/tutorial/R/pValues.html#calculating-many-p-values-from-a-t-distribution,R Tutorial,R,website,en,,,,notebook_img/standard_icon.jpg,CC_BY_NC_40,,,,,,,,,,,,,,
181,http://www.cyclismo.org/tutorial/R/pValues.html#the-easy-way,R Tutorial,R,website,en,,,,notebook_img/standard_icon.jpg,CC_BY_NC_40,,,,,,,,,,,,,,
182,http://www.cyclismo.org/tutorial/R/power.html#calculating-the-power-using-a-normal-distribution,R Tutorial,R,website,en,,,,notebook_img/standard_icon.jpg,CC_BY_NC_40,,,,,,,,,,,,,,
183,http://www.cyclismo.org/tutorial/R/power.html#calculating-the-power-using-a-t-distribution,R Tutorial,R,website,en,,,,notebook_img/standard_icon.jpg,CC_BY_NC_40,,,,,,,,,,,,,,
184,http://www.cyclismo.org/tutorial/R/power.html#calculating-many-powers-from-a-t-distribution,R Tutorial,R,website,en,,,,notebook_img/standard_icon.jpg,CC_BY_NC_40,,,,,,,,,,,,,,
185,http://www.cyclismo.org/tutorial/R/tables.html#creating-a-table-from-data,R Tutorial,R,website,en,,,,notebook_img/standard_icon.jpg,CC_BY_NC_40,,,,,,,,,,,,,,
186,http://www.cyclismo.org/tutorial/R/tables.html#creating-a-table-directly,R Tutorial,R,website,en,,,,notebook_img/standard_icon.jpg,CC_BY_NC_40,,,,,,,,,,,,,,
187,http://www.cyclismo.org/tutorial/R/tables.html#tools-for-working-with-tables,R Tutorial,R,website,en,,,,notebook_img/standard_icon.jpg,CC_BY_NC_40,,,,,,,,,,,,,,
188,http://www.cyclismo.org/tutorial/R/tables.html#graphical-views-of-tables,R Tutorial,R,website,en,,,,notebook_img/standard_icon.jpg,CC_BY_NC_40,,,,,,,,,,,,,,
189,http://www.cyclismo.org/tutorial/R/dataManagement.html#appending-data,R Tutorial,R,website,en,,,,notebook_img/standard_icon.jpg,CC_BY_NC_40,,,,,,,,,,,,,,
190,http://www.cyclismo.org/tutorial/R/dataManagement.html#applying-functions-across-data-elements,R Tutorial,R,website,en,,,,notebook_img/standard_icon.jpg,CC_BY_NC_40,,,,,,,,,,,,,,
191,http://www.cyclismo.org/tutorial/R/time.html#time-and-date-variables,R Tutorial,R,website,en,,,,notebook_img/standard_icon.jpg,CC_BY_NC_40,,,,,,,,,,,,,,
192,http://www.cyclismo.org/tutorial/R/time.html#time-operations,R Tutorial,R,website,en,,,,notebook_img/standard_icon.jpg,CC_BY_NC_40,,,,,,,,,,,,,,
193,http://www.cyclismo.org/tutorial/R/scripting.html#executing-a-file,R Tutorial,R,website,en,,,,notebook_img/standard_icon.jpg,CC_BY_NC_40,,,,,,,,,,,,,,
194,http://www.cyclismo.org/tutorial/R/scripting.html#functions,R Tutorial,R,website,en,,,,notebook_img/standard_icon.jpg,CC_BY_NC_40,,,,,,,,,,,,,,
195,http://www.cyclismo.org/tutorial/R/s3Classes.html,R Tutorial,R,website,en,,,,notebook_img/standard_icon.jpg,CC_BY_NC_40,,,,,,,,,,,,,,
196,http://www.cyclismo.org/tutorial/R/s4Classes.html,R Tutorial,R,website,en,,,,notebook_img/standard_icon.jpg,CC_BY_NC_40,,,,,,,,,,,,,,
197,http://www.cyclismo.org/tutorial/R/hwI.html,R Tutorial,R,website,en,,,,notebook_img/standard_icon.jpg,CC_BY_NC_40,,,,,,,,,,,,,,
198,http://www.cyclismo.org/tutorial/R/cholesterol.html,R Tutorial,R,website,en,,,,notebook_img/standard_icon.jpg,CC_BY_NC_40,,,,,,,,,,,,,,
199,https://github.com/robottom/WATN/blob/master/main.py,imdb - where are they now?,python,website,en,,,advanced,notebook_img/standard_icon.jpg,noLicenceInfo,1,,,,,,,,,,,,"beautifulsoup, scraping",
200,http://www.statmethods.net/input/index.html,Quick-R - Accessing the power of R,R,website,en,,,1,notebook_img/standard_icon.jpg,not allowed to use by author,,,,,,,,,,,,,Data Input,"Data Types, Importing Data, Keyboard Input, Database Input , Exporting Data, Viewing Data , Variable Labels, Value Labels, Missing Data, Date Values"
201,http://www.statmethods.net/management/index.html,Quick-R - Accessing the power of R,R,website,en,,,1,notebook_img/standard_icon.jpg,not allowed to use by author,,,,,,,,,,,,,Data Management,"Creating New Variables, Operators, Built-in Functions, Control Structures, User-Defined Functions, Sorting Data, Merging Data, Aggregating Data, Reshaping Data, Subsetting Data, Data Type Conversions"
202,http://www.statmethods.net/stats/index.html,Quick-R - Accessing the power of R,R,website,en,,,1,notebook_img/standard_icon.jpg,not allowed to use by author,,,,,,,,,,,,,Statistics,"Descriptive Statistics, Frequency Tables , Correlations, t-tests, Nonparametric Statistics, Multiple Regression, Regression Diagnostics , Analysis of Variance, ANOVA Assumptions, Resampling Stats , Power Analysis , Using By and With"
203,http://www.statmethods.net/advstats/index.html,Quick-R - Accessing the power of R,R,website,en,,,3,notebook_img/standard_icon.jpg,not allowed to use by author,,,,,,,,,,,,,Statistics,"Generalized Linear Models, Discriminant Function , Time Series , Factor Analysis, Correspondence Analysis, Multidimensional Scaling, Cluster Analysis, Tree-Based Models, Boot Strapping, Matrix Algebra"
204,http://www.statmethods.net/graphs/index.html,Quick-R - Accessing the power of R,R,website,en,,,1,notebook_img/standard_icon.jpg,not allowed to use by author,,,,,,,,,,,,,Graphs,"Creating Graphs, Histograms & Density Plots , Dot Plots, Bar Plots, Line Charts, Pie Charts, Boxplots, Scatterplots"
205,http://www.statmethods.net/advgraphs/index.html,Quick-R - Accessing the power of R,R,website,en,,,3,notebook_img/standard_icon.jpg,not allowed to use by author,,,,,,,,,,,,,Graphs,"Graphical Parameters, Axes and Text, Combining Graphs, Lattice Graphs, ggplot2 Graphs, Probability Plots, Mosaic Plots, Correlograms, Interactive Graphs"
206,https://github.com/hadley/adv-r/blob/master/Data-structures.rmd,Advanced R programming,R,website,en,,,1,notebook_img/standard_icon.jpg,noLicenceInfo,,,,,,,,,,,,,Data structures,"Vectors, Attributes, Matrices and arrays, Data frames"
207,https://github.com/hadley/adv-r/blob/master/Subsetting.rmd,Advanced R programming,R,website,en,,,1,notebook_img/standard_icon.jpg,noLicenceInfo,,,,,,,,,,,,,Subsetting,"Data types, Subsetting operators, Subsetting and assignment, Applications"
208,https://github.com/hadley/adv-r/blob/master/Style.rmd,Advanced R programming,R,website,en,,,1,notebook_img/standard_icon.jpg,noLicenceInfo,,,,,,,,,,,,,Style,"Notation and naming, Syntax"
209,https://github.com/hadley/adv-r/blob/master/Functions.rmd,Advanced R programming,R,website,en,,,1,notebook_img/standard_icon.jpg,noLicenceInfo,,,,,,,,,,,,,Functions,"Function components, Lexical scoping, Every operation is a function call, Function arguments, Special calls, Return values"
210,https://github.com/hadley/adv-r/blob/master/OO-essentials.rmd,Advanced R programming,R,website,en,,,3,notebook_img/standard_icon.jpg,noLicenceInfo,,,,,,,,,,,,,Object Orientation,"Base types, S3, S4, Reference Classes"
211,https://github.com/hadley/adv-r/blob/master/Environments.rmd,Advanced R programming,R,website,en,,,3,notebook_img/standard_icon.jpg,noLicenceInfo,,,,,,,,,,,,,Environments,"Environment basics, Recursing over environments, Function environments, Binding names to values, Explicit environments"
212,https://github.com/hadley/adv-r/blob/master/Exceptions-Debugging.rmd,Advanced R programming,R,website,en,,,3,notebook_img/standard_icon.jpg,noLicenceInfo,,,,,,,,,,,,,"Debugging, Conditions","Debugging techniques, Debugging tools, Condition handling, Defensive programming"
213,https://github.com/hadley/adv-r/blob/master/Functional-programming.rmd,Advanced R programming,R,website,en,,,2,notebook_img/standard_icon.jpg,noLicenceInfo,,,,,,,,,,,,,Functional programming,"Motivation, Anonymous functions, Closures, Lists of functions, Case study: numerical integration"
214,https://github.com/hadley/adv-r/blob/master/Functionals.rmd,Advanced R programming,R,website,en,,,3,notebook_img/standard_icon.jpg,noLicenceInfo,,,,,,,,,,,,,Functionals,"My first functional: lapply(), For loop functionals: friends of lapply(), Manipulating matrices and data frames, Manipulating lists, Mathematical functionals, Loops that should be left as is, A family of functions"
215,https://github.com/hadley/adv-r/blob/master/Function-operators.rmd,Advanced R programming,R,website,en,,,3,notebook_img/standard_icon.jpg,noLicenceInfo,,,,,,,,,,,,,Function operators,"Behavioural FOs, Output FOs, Input FOs, Combining FOs"
216,https://github.com/hadley/adv-r/blob/master/Expressions.rmd,Advanced R programming,R,website,en,,,3,notebook_img/standard_icon.jpg,noLicenceInfo,,,,,,,,,,,,,Expressions,"Structure of expressions, Names, Calls, Capturing the current call, Pairlists, Parsing and deparsing, Walking the AST with recursive functions"
217,https://sukhbinder.wordpress.com/2014/03/19/gif-animation-in-python-in-3-steps/,Plot to GIF,python,website,en,,,3,notebook_img/standard_icon.jpg,noLicenceInfo,1,,,,,,,,,,,,"plot, panda, gif",
218,http://matthewearl.github.io/2015/07/28/switching-eds-with-python/,Faceswap,python,website,en,,,3,notebook_img/standard_icon.jpg,COPYRIGHT,1,,,,,,,,,,,,face swap,
219,https://www.reddit.com/r/Python/comments/3augo8/best_intro_to_pandas_ive_seen_brandon_rhodes_at/,Introduction to Pandas,python,youtube,en,,,2,notebook_img/standard_icon.jpg,noLicenceInfo,1,1,1,,Introduction%20to%20Pandas%20-%20YouTube.ipynb,,,,,,,,"pandas, data",
220,https://www.youtube.com/playlist?list=PL0-84-yl1fUnRuXGFe_F7qSH1LEnn9LkW,Automate the boring stuff YouTube Videos,python,youtube,en,,,,notebook_img/standard_icon.jpg,noLicenceInfo,0,,,,,,,,,,,,python basics,
221,https://raw.githubusercontent.com/ehmatthes/intro_programming/master/notebooks/hello_world.ipynb,Intro to Programming with Python – Hello World,python,notebook,en,CODING,,1,static_assets/221.png,MIT,,,,1,221.ipynb,Make a Hello World Program,,0,1452870834.3859057,https://github.com/ehmatthes/intro_programming,,,coding,"introduction, programming, python"
222,https://raw.githubusercontent.com/ehmatthes/intro_programming/master/notebooks/var_string_num.ipynb,Intro to Programming with Python – Variables Strings and Numbers,python,notebook,en,CODING,,1,static_assets/222.png,MIT,,,,1,222.ipynb,"In this section, you will learn to store information in variables. You will learn about two types of data: strings, which are sets of characters, and numerical data types.",,0,1452870834.7044282,https://github.com/ehmatthes/intro_programming,,,coding,"variables, strings, numbers"
223,https://raw.githubusercontent.com/ehmatthes/intro_programming/master/notebooks/lists_tuples.ipynb,Intro to Programming with Python – Lists and Tuples,python,notebook,en,CODING,,1,static_assets/223.png,MIT,,,,1,223.ipynb,"In this notebook, you will learn to store more than one valuable in a single variable. This by itself is one of the most powerful ideas in programming, and it introduces a number of other central concepts such as loops.",,0,1452870835.075961,https://github.com/ehmatthes/intro_programming,,,coding,"lists, tuples"
224,https://raw.githubusercontent.com/ehmatthes/intro_programming/master/notebooks/introducing_functions.ipynb,Intro to Programming with Python – Functions,python,notebook,en,CODING,,1,static_assets/224.png,MIT,,,,1,224.ipynb,"One of the core principles of any programming language is, ""Don't Repeat Yourself"". If you have an action that should occur many times, you can define that action once and then call that code whenever you need to carry out that action.",,0,1452870835.63435,https://github.com/ehmatthes/intro_programming,,,coding,functions
225,https://raw.githubusercontent.com/ehmatthes/intro_programming/master/notebooks/if_statements.ipynb,Intro to Programming with Python – IF Statements,python,notebook,en,CODING,,1,static_assets/225.png,MIT,,,,1,225.ipynb,"By allowing you to respond selectively to different situations and conditions, if statements open up whole new possibilities for your programs. In this section, you will learn how to test for certain conditions, and then respond in appropriate ways to those conditions.",,0,1452870835.9760268,https://github.com/ehmatthes/intro_programming,,,coding,"if, else"
226,https://raw.githubusercontent.com/ehmatthes/intro_programming/master/notebooks/while_input.ipynb,Intro to Programming with Python – While Loops and Input,python,notebook,en,CODING,,1,static_assets/226.png,MIT,,,,1,226.ipynb,While loops are really useful because they let your program run until a user decides to quit the program. They set up an infinite loop that runs until the user does something to end the loop. This section also introduces the first way to get input from your program's users.,,0,1452870836.3309505,https://github.com/ehmatthes/intro_programming,,,coding,"if, else"
227,https://raw.githubusercontent.com/ehmatthes/intro_programming/master/notebooks/terminal_apps.ipynb,Intro to Programming with Python – Terminal Apps,python,notebook,en,CODING,,1,static_assets/227.png,MIT,,,,1,227.ipynb,"By this point, you have learned enough Python to start building interactive apps. If you are set on the larger projects such as building a video game, making a visualization, or making a web app, you can skip this section. But if you would like to start building some simpler apps that run directly in your terminal, check out this notebook.",,0,1452870836.675439,https://github.com/ehmatthes/intro_programming,,,coding,terminal apps
228,https://raw.githubusercontent.com/ehmatthes/intro_programming/master/notebooks/dictionaries.ipynb,Intro to Programming with Python – Dictionaries,python,notebook,en,CODING,,1,static_assets/228.png,MIT,,,,1,228.ipynb,"Dictionaries allow us to store connected bits of information. For example, you might store a person's name and age together.",,0,1452870837.0606217,https://github.com/ehmatthes/intro_programming,,,coding,dictionaries
229,https://raw.githubusercontent.com/ehmatthes/intro_programming/master/notebooks/more_functions.ipynb,Intro to Programming with Python – More Functions,python,notebook,en,CODING,,1,static_assets/229.png,MIT,,,,1,229.ipynb,"Earlier we learned the most bare-boned versions of functions. In this section we will learn more general concepts about functions, such as how to use functions to return values, and how to pass different kinds of data structures between functions.",,0,1452870837.4359703,https://github.com/ehmatthes/intro_programming,,,coding,functions
230,https://raw.githubusercontent.com/ehmatthes/intro_programming/master/notebooks/classes.ipynb,Intro to Programming with Python – Classes,python,notebook,en,CODING,,1,static_assets/230.png,MIT,,,,1,230.ipynb,"There is a lot of new language that comes into play when you start learning about classes. If you are familiar with object-oriented programming from your work in another language, this will be a quick read about how Python approaches OOP. If you are new to programming in general, there will be a lot of new ideas here. Just start reading, try out the examples on your own machine, and trust that it will start to make sense as you work your way through the examples and exercises.",,0,1452870837.8372834,https://github.com/ehmatthes/intro_programming,,,coding,classes
231,self done,Welcome to Thrive,python,notebook,en,FUN,,1,static_assets/welcome_to_thrive.png,BSD_3_Clause,,,,1,welcome_to_thrive.ipynb,Welcome to Thrive. What can you do with thrive and how do use it? Explanantions here :-),,0,,,Thrive GmbH,2016,Welcome,help
232,self done,Data Science Blueprint,python,notebook,en,,,1,notebook_img/standard_icon.jpg,BSD_3_Clause,,,,0,ds_theory.ipynb,"guidance on extracting insights from data in a structured, fast and fun way",,0,,,Thrive GmbH,2016,"Inquire, Obtain, Scrub, Explore, Model, Interpret, Share",data science process
233,https://raw.githubusercontent.com/donnemartin/interactive-coding-challenges/master/arrays_strings/compress/compress_challenge.ipynb,Interactive Coding Challenge – Compress Strings,python,notebook,en,CODING,,2,static_assets/233.png,Apache_20,,,,1,233.ipynb,Interactive Coding Challenge – Compress Strings,,0,,https://github.com/donnemartin/interactive-coding-challenges,Donne Martin,2016,coding,"challenge, strings"
234,https://raw.githubusercontent.com/donnemartin/interactive-coding-challenges/master/arrays_strings/compress/compress_solution.ipynb,Interactive Coding Challenge Solution – Compress Strings,python,notebook,en,CODING,,2,static_assets/234.png,Apache_20,,,,1,234.ipynb,Interactive Coding Challenge Solution – Compress Strings,,0,,https://github.com/donnemartin/interactive-coding-challenges,Donne Martin,2016,coding,"solution, strings"
235,https://raw.githubusercontent.com/donnemartin/interactive-coding-challenges/master/README.md,Interactive Coding Challenges,python,notebook,en,,,2,notebook_img/standard_icon.jpg,Apache_20,,,,2,235.ipynb,Interactive Coding Challenges,,0,,https://github.com/donnemartin/interactive-coding-challenges,Donne Martin,2016,coding,
236,https://raw.githubusercontent.com/donnemartin/interactive-coding-challenges/master/arrays_strings/hash_map/hash_map_challenge.ipynb,Interactive Coding Challenges – Hash Table,python,notebook,en,CODING,,2,static_assets/236.png,Apache_20,,,,1,236.ipynb,"Interactive Coding Challenge Problem: Implement a hash table with set, get, and remove methods.",,0,,https://github.com/donnemartin/interactive-coding-challenges,Donne Martin,2016,coding,"challenge, hashtable"
237,https://raw.githubusercontent.com/donnemartin/interactive-coding-challenges/master/arrays_strings/hash_map/hash_map_solution.ipynb,Interactive Coding Challenges – Solution  Hash Table,python,notebook,en,CODING,,2,static_assets/237.png,Apache_20,,,,1,237.ipynb,"Interactive Coding Challenge Solution to  Problem: Implement a hash table with set, get, and remove methods.",,0,,https://github.com/donnemartin/interactive-coding-challenges,Donne Martin,2016,coding,"solution, hashtable"
238,https://raw.githubusercontent.com/donnemartin/interactive-coding-challenges/master/arrays_strings/permutation/permutation_challenge.ipynb,Interactive Coding Challenges – Permutation,python,notebook,en,CODING,,2,static_assets/238.png,Apache_20,,,,1,238.ipynb,Interactive Coding Challenge Problem: Determine if a string is a permutation of another string,,0,,https://github.com/donnemartin/interactive-coding-challenges,Donne Martin,2016,coding,"challenge, permutation"
239,https://raw.githubusercontent.com/donnemartin/interactive-coding-challenges/master/arrays_strings/permutation/permutation_solution.ipynb,Interactive Coding Challenges – Solution  Permutation,python,notebook,en,CODING,,2,static_assets/239.png,Apache_20,,,,1,239.ipynb,Interactive Coding Challenge Solution to  Problem: Determine if a string is a permutation of another string,,0,,https://github.com/donnemartin/interactive-coding-challenges,Donne Martin,2016,coding,"solution, permutation"
240,https://raw.githubusercontent.com/hugadams/twitter_play/master/FACESANDFRIENDS.ipynb,Image Recognition and Age and Gender Prediction with Alchemy API,python,notebook,en,DATA SCIENCE,,4,static_assets/240.png,BSD_3_Clause,,,,1,240.ipynb,Image Recognition and Age and Gender Prediction with Alchemy API,,0,,https://github.com/hugadams/twitter_play,Thrive GmbH,2016,coding,"celebrities, alchemyapi"
241,https://raw.githubusercontent.com/minrk/ligo-binder/master/GW150914_tutorial.ipynb,Gravitational Waves – Signal Processing with GW150914 Open data,python,notebook,en,DATA SCIENCE,,5,static_assets/241.png,noLicenceInfo,,,,1,241.ipynb,This notebook will go through some typical signal processing tasks on strain time-series data associated with the LIGO GW150914 data release from the LIGO Open Science Center (LOSC),,0,,https://github.com/minrk/ligo-binder,losc@ligo.org,2016,,
242,http://matplotlib.org/xkcd/examples/showcase/xkcd.html,Make xkcd Plots,python,notebook,en,FUN,,1,static_assets/242.png,noLicenceInfo,,,,1,242.ipynb,Create your own and funny xlcd plots with a little bit of python coding,,0,,https://github.com/minrk/ligo-binder,,,fun,
243,self done,R Cookbook,R,notebook,en,TOPIC MAPS,,1,static_assets/243.png,noLicenceInfo,,,,1,243.ipynb,Overview of Topics in the R Cookbook with links,,0,,,,,fun,
